
{
	"drawMesh" : true,
	"mFarLimit" : 244,
	"mMaxVal" : 4.6159713592773478e-304,
	"mNearLimit" : 15920,
	"mSceneRot" : 
	{
		"xRotation" : 3.1415926535900001,
		"yRotation" : 0,
		"zRotation" : 0
	},
	"mThresh" : 4.6141356733436519e-304,
	"meshResolution" : 3,
	"timerInterval" : 30,
	"volumeMin" : 0.20000000298023224
}
